[Settings],,
CreateFastqForIndexReads,1,
MinimumTrimmedReadLength,16,
MaskShortReads,16,
[Data],,
Sample_ID,index,index2
ScaleRna,ATCTGCAGTC,TCGGATTCGG
ScaleRna,ATCTGCAGTC,TCCGGCTTAT
ScaleRna,ATCTGCAGTC,TCGCCGCCGG
ScaleRna,ATCTGCAGTC,TTGGCAAGCC
ScaleRna,ATCTGCAGTC,CAGCTAGCGG
ScaleRna,ATCTGCAGTC,GTAGGATAAG
ScaleRna,ATCTGCAGTC,AAGTAGCTCA
ScaleRna,ATCTGCAGTC,TAAGTCCTGA
ScaleRna,ATCTGCAGTC,GCGGCTGCGG
ScaleRna,ATCTGCAGTC,ACCAGGCGCA
ScaleRna,ATCTGCAGTC,CCGTATGATT
ScaleRna,ATCTGCAGTC,TTGATTGGCG
ScaleRna,ATCTGCAGTC,CTAAGCCTTG
ScaleRna,ATCTGCAGTC,CGTCGAGCGC
ScaleRna,ATCTGCAGTC,TATTGCTGGA
ScaleRna,ATCTGCAGTC,AGTTCTCATG
ScaleRna,ATCTGCAGTC,AGATTACGTT
ScaleRna,ATCTGCAGTC,AGAGGAGAAT
ScaleRna,ATCTGCAGTC,AACGCGCAGA
ScaleRna,ATCTGCAGTC,GCATATGAGC
ScaleRna,ATCTGCAGTC,CGTTACCGCT
ScaleRna,ATCTGCAGTC,ACTATTCATT
ScaleRna,ATCTGCAGTC,CCAGATACGG
ScaleRna,ATCTGCAGTC,CAGACTAAGG
ScaleRna,ATCTGCAGTC,CTAACTAGGT
ScaleRna,ATCTGCAGTC,GTACTCCTAT
ScaleRna,ATCTGCAGTC,CTCGTCGTAG
ScaleRna,ATCTGCAGTC,GAACTCGACT
ScaleRna,ATCTGCAGTC,GACTGGACCA
ScaleRna,ATCTGCAGTC,TTGCTTAGAT
ScaleRna,ATCTGCAGTC,AACGAATTCG
ScaleRna,ATCTGCAGTC,TCTATCGCTG
ScaleRna,ATCTGCAGTC,CATAGCGACC
ScaleRna,ATCTGCAGTC,GCTAACGGAT
ScaleRna,ATCTGCAGTC,CTAATTGCGA
ScaleRna,ATCTGCAGTC,CTAGCCAGCC
ScaleRna,ATCTGCAGTC,GCAAGACCGT
ScaleRna,ATCTGCAGTC,CGAATGGAGC
ScaleRna,ATCTGCAGTC,CGCTTATCGT
ScaleRna,ATCTGCAGTC,GCGCTATGGT
ScaleRna,ATCTGCAGTC,CCGCTAAGAG
ScaleRna,ATCTGCAGTC,AGTTGAATCA
ScaleRna,ATCTGCAGTC,CGCGGCCATA
ScaleRna,ATCTGCAGTC,TGCGACCTCT
ScaleRna,ATCTGCAGTC,TCAATCTCCT
ScaleRna,ATCTGCAGTC,CTATATAGCC
ScaleRna,ATCTGCAGTC,AAGTACGCGA
ScaleRna,ATCTGCAGTC,CATTATTATT
ScaleRna,ATCTGCAGTC,ATGGAACGAA
ScaleRna,ATCTGCAGTC,TGATTAGGTA
ScaleRna,ATCTGCAGTC,AATATTACTT
ScaleRna,ATCTGCAGTC,ATTCTTAGCT
ScaleRna,ATCTGCAGTC,ATACCTCGAC
ScaleRna,ATCTGCAGTC,CTACTAATAA
ScaleRna,ATCTGCAGTC,GATCTTCGCA
ScaleRna,ATCTGCAGTC,AGCCGTAGTT
ScaleRna,ATCTGCAGTC,GCGTTCCGTT
ScaleRna,ATCTGCAGTC,TCGTAGCATC
ScaleRna,ATCTGCAGTC,ATTGGCAGAT
ScaleRna,ATCTGCAGTC,TTGATACGAT
ScaleRna,ATCTGCAGTC,TAGAGGCGTT
ScaleRna,ATCTGCAGTC,TGGTTGCCGT
ScaleRna,ATCTGCAGTC,TCTTAGCCTG
ScaleRna,ATCTGCAGTC,TGATATTGCG
ScaleRna,ATCTGCAGTC,GGTTATCGAA
ScaleRna,ATCTGCAGTC,TCTTGAGGTT
ScaleRna,ATCTGCAGTC,ATGGCGCCTG
ScaleRna,ATCTGCAGTC,TATAATAGTT
ScaleRna,ATCTGCAGTC,TAGGTAACTT
ScaleRna,ATCTGCAGTC,TCCTCTGCCG
ScaleRna,ATCTGCAGTC,TTATTGAGGC
ScaleRna,ATCTGCAGTC,ACGGCGTTAA
ScaleRna,ATCTGCAGTC,GCATCGTATG
ScaleRna,ATCTGCAGTC,AGGTCAGCTT
ScaleRna,ATCTGCAGTC,ATAAGGACTC
ScaleRna,ATCTGCAGTC,TTGCCGTAGG
ScaleRna,ATCTGCAGTC,TTCGAATATT
ScaleRna,ATCTGCAGTC,GATTCTTGAA
ScaleRna,ATCTGCAGTC,TTGCGAGCAT
ScaleRna,ATCTGCAGTC,GGCTTACTCC
ScaleRna,ATCTGCAGTC,AATACGATAA
ScaleRna,ATCTGCAGTC,TATTAGACTT
ScaleRna,ATCTGCAGTC,TAGTAAGCCG
ScaleRna,ATCTGCAGTC,AGACCATATC
ScaleRna,ATCTGCAGTC,TGGACGACTA
ScaleRna,ATCTGCAGTC,GTAGCAGCTA
ScaleRna,ATCTGCAGTC,GCTTGAAGAG
ScaleRna,ATCTGCAGTC,GCGCGTTCAT
ScaleRna,ATCTGCAGTC,TTCCGTCGAC
ScaleRna,ATCTGCAGTC,CTCAATTAGT
ScaleRna,ATCTGCAGTC,ATTATGCAAG
ScaleRna,ATCTGCAGTC,TTGGTAAGGA
ScaleRna,ATCTGCAGTC,GTAGGCTGCA
ScaleRna,ATCTGCAGTC,CCTCAGCTCC
ScaleRna,ATCTGCAGTC,AGTCCGCTGC
ScaleRna,ATCTGCAGTC,GAGCGCGATG
ScaleRna,CAGAAGCTAG,TCGGATTCGG
ScaleRna,CAGAAGCTAG,TCCGGCTTAT
ScaleRna,CAGAAGCTAG,TCGCCGCCGG
ScaleRna,CAGAAGCTAG,TTGGCAAGCC
ScaleRna,CAGAAGCTAG,CAGCTAGCGG
ScaleRna,CAGAAGCTAG,GTAGGATAAG
ScaleRna,CAGAAGCTAG,AAGTAGCTCA
ScaleRna,CAGAAGCTAG,TAAGTCCTGA
ScaleRna,CAGAAGCTAG,GCGGCTGCGG
ScaleRna,CAGAAGCTAG,ACCAGGCGCA
ScaleRna,CAGAAGCTAG,CCGTATGATT
ScaleRna,CAGAAGCTAG,TTGATTGGCG
ScaleRna,CAGAAGCTAG,CTAAGCCTTG
ScaleRna,CAGAAGCTAG,CGTCGAGCGC
ScaleRna,CAGAAGCTAG,TATTGCTGGA
ScaleRna,CAGAAGCTAG,AGTTCTCATG
ScaleRna,CAGAAGCTAG,AGATTACGTT
ScaleRna,CAGAAGCTAG,AGAGGAGAAT
ScaleRna,CAGAAGCTAG,AACGCGCAGA
ScaleRna,CAGAAGCTAG,GCATATGAGC
ScaleRna,CAGAAGCTAG,CGTTACCGCT
ScaleRna,CAGAAGCTAG,ACTATTCATT
ScaleRna,CAGAAGCTAG,CCAGATACGG
ScaleRna,CAGAAGCTAG,CAGACTAAGG
ScaleRna,CAGAAGCTAG,CTAACTAGGT
ScaleRna,CAGAAGCTAG,GTACTCCTAT
ScaleRna,CAGAAGCTAG,CTCGTCGTAG
ScaleRna,CAGAAGCTAG,GAACTCGACT
ScaleRna,CAGAAGCTAG,GACTGGACCA
ScaleRna,CAGAAGCTAG,TTGCTTAGAT
ScaleRna,CAGAAGCTAG,AACGAATTCG
ScaleRna,CAGAAGCTAG,TCTATCGCTG
ScaleRna,CAGAAGCTAG,CATAGCGACC
ScaleRna,CAGAAGCTAG,GCTAACGGAT
ScaleRna,CAGAAGCTAG,CTAATTGCGA
ScaleRna,CAGAAGCTAG,CTAGCCAGCC
ScaleRna,CAGAAGCTAG,GCAAGACCGT
ScaleRna,CAGAAGCTAG,CGAATGGAGC
ScaleRna,CAGAAGCTAG,CGCTTATCGT
ScaleRna,CAGAAGCTAG,GCGCTATGGT
ScaleRna,CAGAAGCTAG,CCGCTAAGAG
ScaleRna,CAGAAGCTAG,AGTTGAATCA
ScaleRna,CAGAAGCTAG,CGCGGCCATA
ScaleRna,CAGAAGCTAG,TGCGACCTCT
ScaleRna,CAGAAGCTAG,TCAATCTCCT
ScaleRna,CAGAAGCTAG,CTATATAGCC
ScaleRna,CAGAAGCTAG,AAGTACGCGA
ScaleRna,CAGAAGCTAG,CATTATTATT
ScaleRna,CAGAAGCTAG,ATGGAACGAA
ScaleRna,CAGAAGCTAG,TGATTAGGTA
ScaleRna,CAGAAGCTAG,AATATTACTT
ScaleRna,CAGAAGCTAG,ATTCTTAGCT
ScaleRna,CAGAAGCTAG,ATACCTCGAC
ScaleRna,CAGAAGCTAG,CTACTAATAA
ScaleRna,CAGAAGCTAG,GATCTTCGCA
ScaleRna,CAGAAGCTAG,AGCCGTAGTT
ScaleRna,CAGAAGCTAG,GCGTTCCGTT
ScaleRna,CAGAAGCTAG,TCGTAGCATC
ScaleRna,CAGAAGCTAG,ATTGGCAGAT
ScaleRna,CAGAAGCTAG,TTGATACGAT
ScaleRna,CAGAAGCTAG,TAGAGGCGTT
ScaleRna,CAGAAGCTAG,TGGTTGCCGT
ScaleRna,CAGAAGCTAG,TCTTAGCCTG
ScaleRna,CAGAAGCTAG,TGATATTGCG
ScaleRna,CAGAAGCTAG,GGTTATCGAA
ScaleRna,CAGAAGCTAG,TCTTGAGGTT
ScaleRna,CAGAAGCTAG,ATGGCGCCTG
ScaleRna,CAGAAGCTAG,TATAATAGTT
ScaleRna,CAGAAGCTAG,TAGGTAACTT
ScaleRna,CAGAAGCTAG,TCCTCTGCCG
ScaleRna,CAGAAGCTAG,TTATTGAGGC
ScaleRna,CAGAAGCTAG,ACGGCGTTAA
ScaleRna,CAGAAGCTAG,GCATCGTATG
ScaleRna,CAGAAGCTAG,AGGTCAGCTT
ScaleRna,CAGAAGCTAG,ATAAGGACTC
ScaleRna,CAGAAGCTAG,TTGCCGTAGG
ScaleRna,CAGAAGCTAG,TTCGAATATT
ScaleRna,CAGAAGCTAG,GATTCTTGAA
ScaleRna,CAGAAGCTAG,TTGCGAGCAT
ScaleRna,CAGAAGCTAG,GGCTTACTCC
ScaleRna,CAGAAGCTAG,AATACGATAA
ScaleRna,CAGAAGCTAG,TATTAGACTT
ScaleRna,CAGAAGCTAG,TAGTAAGCCG
ScaleRna,CAGAAGCTAG,AGACCATATC
ScaleRna,CAGAAGCTAG,TGGACGACTA
ScaleRna,CAGAAGCTAG,GTAGCAGCTA
ScaleRna,CAGAAGCTAG,GCTTGAAGAG
ScaleRna,CAGAAGCTAG,GCGCGTTCAT
ScaleRna,CAGAAGCTAG,TTCCGTCGAC
ScaleRna,CAGAAGCTAG,CTCAATTAGT
ScaleRna,CAGAAGCTAG,ATTATGCAAG
ScaleRna,CAGAAGCTAG,TTGGTAAGGA
ScaleRna,CAGAAGCTAG,GTAGGCTGCA
ScaleRna,CAGAAGCTAG,CCTCAGCTCC
ScaleRna,CAGAAGCTAG,AGTCCGCTGC
ScaleRna,CAGAAGCTAG,GAGCGCGATG
ScaleRna,GCTCTCGCCT,TCGGATTCGG
ScaleRna,GCTCTCGCCT,TCCGGCTTAT
ScaleRna,GCTCTCGCCT,TCGCCGCCGG
ScaleRna,GCTCTCGCCT,TTGGCAAGCC
ScaleRna,GCTCTCGCCT,CAGCTAGCGG
ScaleRna,GCTCTCGCCT,GTAGGATAAG
ScaleRna,GCTCTCGCCT,AAGTAGCTCA
ScaleRna,GCTCTCGCCT,TAAGTCCTGA
ScaleRna,GCTCTCGCCT,GCGGCTGCGG
ScaleRna,GCTCTCGCCT,ACCAGGCGCA
ScaleRna,GCTCTCGCCT,CCGTATGATT
ScaleRna,GCTCTCGCCT,TTGATTGGCG
ScaleRna,GCTCTCGCCT,CTAAGCCTTG
ScaleRna,GCTCTCGCCT,CGTCGAGCGC
ScaleRna,GCTCTCGCCT,TATTGCTGGA
ScaleRna,GCTCTCGCCT,AGTTCTCATG
ScaleRna,GCTCTCGCCT,AGATTACGTT
ScaleRna,GCTCTCGCCT,AGAGGAGAAT
ScaleRna,GCTCTCGCCT,AACGCGCAGA
ScaleRna,GCTCTCGCCT,GCATATGAGC
ScaleRna,GCTCTCGCCT,CGTTACCGCT
ScaleRna,GCTCTCGCCT,ACTATTCATT
ScaleRna,GCTCTCGCCT,CCAGATACGG
ScaleRna,GCTCTCGCCT,CAGACTAAGG
ScaleRna,GCTCTCGCCT,CTAACTAGGT
ScaleRna,GCTCTCGCCT,GTACTCCTAT
ScaleRna,GCTCTCGCCT,CTCGTCGTAG
ScaleRna,GCTCTCGCCT,GAACTCGACT
ScaleRna,GCTCTCGCCT,GACTGGACCA
ScaleRna,GCTCTCGCCT,TTGCTTAGAT
ScaleRna,GCTCTCGCCT,AACGAATTCG
ScaleRna,GCTCTCGCCT,TCTATCGCTG
ScaleRna,GCTCTCGCCT,CATAGCGACC
ScaleRna,GCTCTCGCCT,GCTAACGGAT
ScaleRna,GCTCTCGCCT,CTAATTGCGA
ScaleRna,GCTCTCGCCT,CTAGCCAGCC
ScaleRna,GCTCTCGCCT,GCAAGACCGT
ScaleRna,GCTCTCGCCT,CGAATGGAGC
ScaleRna,GCTCTCGCCT,CGCTTATCGT
ScaleRna,GCTCTCGCCT,GCGCTATGGT
ScaleRna,GCTCTCGCCT,CCGCTAAGAG
ScaleRna,GCTCTCGCCT,AGTTGAATCA
ScaleRna,GCTCTCGCCT,CGCGGCCATA
ScaleRna,GCTCTCGCCT,TGCGACCTCT
ScaleRna,GCTCTCGCCT,TCAATCTCCT
ScaleRna,GCTCTCGCCT,CTATATAGCC
ScaleRna,GCTCTCGCCT,AAGTACGCGA
ScaleRna,GCTCTCGCCT,CATTATTATT
ScaleRna,GCTCTCGCCT,ATGGAACGAA
ScaleRna,GCTCTCGCCT,TGATTAGGTA
ScaleRna,GCTCTCGCCT,AATATTACTT
ScaleRna,GCTCTCGCCT,ATTCTTAGCT
ScaleRna,GCTCTCGCCT,ATACCTCGAC
ScaleRna,GCTCTCGCCT,CTACTAATAA
ScaleRna,GCTCTCGCCT,GATCTTCGCA
ScaleRna,GCTCTCGCCT,AGCCGTAGTT
ScaleRna,GCTCTCGCCT,GCGTTCCGTT
ScaleRna,GCTCTCGCCT,TCGTAGCATC
ScaleRna,GCTCTCGCCT,ATTGGCAGAT
ScaleRna,GCTCTCGCCT,TTGATACGAT
ScaleRna,GCTCTCGCCT,TAGAGGCGTT
ScaleRna,GCTCTCGCCT,TGGTTGCCGT
ScaleRna,GCTCTCGCCT,TCTTAGCCTG
ScaleRna,GCTCTCGCCT,TGATATTGCG
ScaleRna,GCTCTCGCCT,GGTTATCGAA
ScaleRna,GCTCTCGCCT,TCTTGAGGTT
ScaleRna,GCTCTCGCCT,ATGGCGCCTG
ScaleRna,GCTCTCGCCT,TATAATAGTT
ScaleRna,GCTCTCGCCT,TAGGTAACTT
ScaleRna,GCTCTCGCCT,TCCTCTGCCG
ScaleRna,GCTCTCGCCT,TTATTGAGGC
ScaleRna,GCTCTCGCCT,ACGGCGTTAA
ScaleRna,GCTCTCGCCT,GCATCGTATG
ScaleRna,GCTCTCGCCT,AGGTCAGCTT
ScaleRna,GCTCTCGCCT,ATAAGGACTC
ScaleRna,GCTCTCGCCT,TTGCCGTAGG
ScaleRna,GCTCTCGCCT,TTCGAATATT
ScaleRna,GCTCTCGCCT,GATTCTTGAA
ScaleRna,GCTCTCGCCT,TTGCGAGCAT
ScaleRna,GCTCTCGCCT,GGCTTACTCC
ScaleRna,GCTCTCGCCT,AATACGATAA
ScaleRna,GCTCTCGCCT,TATTAGACTT
ScaleRna,GCTCTCGCCT,TAGTAAGCCG
ScaleRna,GCTCTCGCCT,AGACCATATC
ScaleRna,GCTCTCGCCT,TGGACGACTA
ScaleRna,GCTCTCGCCT,GTAGCAGCTA
ScaleRna,GCTCTCGCCT,GCTTGAAGAG
ScaleRna,GCTCTCGCCT,GCGCGTTCAT
ScaleRna,GCTCTCGCCT,TTCCGTCGAC
ScaleRna,GCTCTCGCCT,CTCAATTAGT
ScaleRna,GCTCTCGCCT,ATTATGCAAG
ScaleRna,GCTCTCGCCT,TTGGTAAGGA
ScaleRna,GCTCTCGCCT,GTAGGCTGCA
ScaleRna,GCTCTCGCCT,CCTCAGCTCC
ScaleRna,GCTCTCGCCT,AGTCCGCTGC
ScaleRna,GCTCTCGCCT,GAGCGCGATG
ScaleRna,TGAGCATAGA,TCGGATTCGG
ScaleRna,TGAGCATAGA,TCCGGCTTAT
ScaleRna,TGAGCATAGA,TCGCCGCCGG
ScaleRna,TGAGCATAGA,TTGGCAAGCC
ScaleRna,TGAGCATAGA,CAGCTAGCGG
ScaleRna,TGAGCATAGA,GTAGGATAAG
ScaleRna,TGAGCATAGA,AAGTAGCTCA
ScaleRna,TGAGCATAGA,TAAGTCCTGA
ScaleRna,TGAGCATAGA,GCGGCTGCGG
ScaleRna,TGAGCATAGA,ACCAGGCGCA
ScaleRna,TGAGCATAGA,CCGTATGATT
ScaleRna,TGAGCATAGA,TTGATTGGCG
ScaleRna,TGAGCATAGA,CTAAGCCTTG
ScaleRna,TGAGCATAGA,CGTCGAGCGC
ScaleRna,TGAGCATAGA,TATTGCTGGA
ScaleRna,TGAGCATAGA,AGTTCTCATG
ScaleRna,TGAGCATAGA,AGATTACGTT
ScaleRna,TGAGCATAGA,AGAGGAGAAT
ScaleRna,TGAGCATAGA,AACGCGCAGA
ScaleRna,TGAGCATAGA,GCATATGAGC
ScaleRna,TGAGCATAGA,CGTTACCGCT
ScaleRna,TGAGCATAGA,ACTATTCATT
ScaleRna,TGAGCATAGA,CCAGATACGG
ScaleRna,TGAGCATAGA,CAGACTAAGG
ScaleRna,TGAGCATAGA,CTAACTAGGT
ScaleRna,TGAGCATAGA,GTACTCCTAT
ScaleRna,TGAGCATAGA,CTCGTCGTAG
ScaleRna,TGAGCATAGA,GAACTCGACT
ScaleRna,TGAGCATAGA,GACTGGACCA
ScaleRna,TGAGCATAGA,TTGCTTAGAT
ScaleRna,TGAGCATAGA,AACGAATTCG
ScaleRna,TGAGCATAGA,TCTATCGCTG
ScaleRna,TGAGCATAGA,CATAGCGACC
ScaleRna,TGAGCATAGA,GCTAACGGAT
ScaleRna,TGAGCATAGA,CTAATTGCGA
ScaleRna,TGAGCATAGA,CTAGCCAGCC
ScaleRna,TGAGCATAGA,GCAAGACCGT
ScaleRna,TGAGCATAGA,CGAATGGAGC
ScaleRna,TGAGCATAGA,CGCTTATCGT
ScaleRna,TGAGCATAGA,GCGCTATGGT
ScaleRna,TGAGCATAGA,CCGCTAAGAG
ScaleRna,TGAGCATAGA,AGTTGAATCA
ScaleRna,TGAGCATAGA,CGCGGCCATA
ScaleRna,TGAGCATAGA,TGCGACCTCT
ScaleRna,TGAGCATAGA,TCAATCTCCT
ScaleRna,TGAGCATAGA,CTATATAGCC
ScaleRna,TGAGCATAGA,AAGTACGCGA
ScaleRna,TGAGCATAGA,CATTATTATT
ScaleRna,TGAGCATAGA,ATGGAACGAA
ScaleRna,TGAGCATAGA,TGATTAGGTA
ScaleRna,TGAGCATAGA,AATATTACTT
ScaleRna,TGAGCATAGA,ATTCTTAGCT
ScaleRna,TGAGCATAGA,ATACCTCGAC
ScaleRna,TGAGCATAGA,CTACTAATAA
ScaleRna,TGAGCATAGA,GATCTTCGCA
ScaleRna,TGAGCATAGA,AGCCGTAGTT
ScaleRna,TGAGCATAGA,GCGTTCCGTT
ScaleRna,TGAGCATAGA,TCGTAGCATC
ScaleRna,TGAGCATAGA,ATTGGCAGAT
ScaleRna,TGAGCATAGA,TTGATACGAT
ScaleRna,TGAGCATAGA,TAGAGGCGTT
ScaleRna,TGAGCATAGA,TGGTTGCCGT
ScaleRna,TGAGCATAGA,TCTTAGCCTG
ScaleRna,TGAGCATAGA,TGATATTGCG
ScaleRna,TGAGCATAGA,GGTTATCGAA
ScaleRna,TGAGCATAGA,TCTTGAGGTT
ScaleRna,TGAGCATAGA,ATGGCGCCTG
ScaleRna,TGAGCATAGA,TATAATAGTT
ScaleRna,TGAGCATAGA,TAGGTAACTT
ScaleRna,TGAGCATAGA,TCCTCTGCCG
ScaleRna,TGAGCATAGA,TTATTGAGGC
ScaleRna,TGAGCATAGA,ACGGCGTTAA
ScaleRna,TGAGCATAGA,GCATCGTATG
ScaleRna,TGAGCATAGA,AGGTCAGCTT
ScaleRna,TGAGCATAGA,ATAAGGACTC
ScaleRna,TGAGCATAGA,TTGCCGTAGG
ScaleRna,TGAGCATAGA,TTCGAATATT
ScaleRna,TGAGCATAGA,GATTCTTGAA
ScaleRna,TGAGCATAGA,TTGCGAGCAT
ScaleRna,TGAGCATAGA,GGCTTACTCC
ScaleRna,TGAGCATAGA,AATACGATAA
ScaleRna,TGAGCATAGA,TATTAGACTT
ScaleRna,TGAGCATAGA,TAGTAAGCCG
ScaleRna,TGAGCATAGA,AGACCATATC
ScaleRna,TGAGCATAGA,TGGACGACTA
ScaleRna,TGAGCATAGA,GTAGCAGCTA
ScaleRna,TGAGCATAGA,GCTTGAAGAG
ScaleRna,TGAGCATAGA,GCGCGTTCAT
ScaleRna,TGAGCATAGA,TTCCGTCGAC
ScaleRna,TGAGCATAGA,CTCAATTAGT
ScaleRna,TGAGCATAGA,ATTATGCAAG
ScaleRna,TGAGCATAGA,TTGGTAAGGA
ScaleRna,TGAGCATAGA,GTAGGCTGCA
ScaleRna,TGAGCATAGA,CCTCAGCTCC
ScaleRna,TGAGCATAGA,AGTCCGCTGC
ScaleRna,TGAGCATAGA,GAGCGCGATG
